{"Temp_std_err": 5, "hws_std_err": 0.005, "relative_intensity_std_error_pl": 0.05, "relative_intensity_std_error_el": 0.001, "noise_sigma": 0.01, "save_folder": "/rds/general/user/hy2120/home/pl_temp_fit/fit_experimental_emcee_pl/fit_data/L8BO-soln/def474da-906b-4032-89a0-d8eafd315c42", "csv_name_pl": "/rds/general/user/hy2120/home/pl_temp_fit/60-300K/L8BO-soln.csv", "csv_name_el": "", "date": "2024_10_30", "test_id": "def474da-906b-4032-89a0-d8eafd315c42", "fixed_parameters_dict": {"EX": {"numbrstates": 20}, "CT": {"off": 1}, "D": {}}, "params_to_fit_init": {"EX": {"E": 1.47, "sigma": 0.1, "Li": 0.078, "Lo": 0.11, "hO": 0.15}, "CT": {}, "D": {}}, "min_bounds": {"EX": {"E": 1.4, "sigma": 0.001, "Li": 0.01, "Lo": 0.01, "hO": 0.14}, "CT": {}, "D": {}}, "max_bounds": {"EX": {"E": 1.55, "sigma": 0.2, "Li": 0.2, "Lo": 0.2, "hO": 0.16}, "CT": {}, "D": {}}, "num_iteration_max_likelihood": 5, "coeff_spread": 0.5, "nsteps": 15000, "num_coords": 32, "max_abs_pos_exp": 1.55, "error_in_max_abs_pos": 0.01}