{"Temp_std_err": 5, "hws_std_err": 0.005, "relative_intensity_std_error_pl": 0.05, "relative_intensity_std_error_el": 0.001, "noise_sigma": 0.01, "save_folder": "/rds/general/user/hy2120/home/pl_temp_fit/fit_experimental_emcee_pl/fit_data/IEICOcn-2_cb-300K_G0_750/09fa1cc8-c48e-4c55-8023-f38e3b05492f", "csv_name_pl": "/rds/general/user/hy2120/home/pl_temp_fit/60-300K/IEICOcn-2_cb-300K_G0_750.0nm_1600.0nm_16-07-2024-12h-45m_Exposure_5.0s.csv", "csv_name_el": "", "date": "2024_10_30", "test_id": "09fa1cc8-c48e-4c55-8023-f38e3b05492f", "fixed_parameters_dict": {"EX": {"numbrstates": 20}, "CT": {"off": 1}, "D": {}}, "params_to_fit_init": {"EX": {"E": 1.5, "sigma": 0.1, "Li": 0.078, "Lo": 0.11, "hO": 0.15}, "CT": {}, "D": {}}, "min_bounds": {"EX": {"E": 1.4, "sigma": 0.001, "Li": 0.01, "Lo": 0.01, "hO": 0.14}, "CT": {}, "D": {}}, "max_bounds": {"EX": {"E": 1.6, "sigma": 0.2, "Li": 0.2, "Lo": 0.2, "hO": 0.155}, "CT": {}, "D": {}}, "num_iteration_max_likelihood": 5, "coeff_spread": 0.5, "nsteps": 15000, "num_coords": 32, "max_abs_pos_exp": 1.5, "error_in_max_abs_pos": 0.05, "temperature_lifetimes_exp": {"300": 3e-10, "260": 2.9e-10, "220": 2.8e-10, "180": 2.8e-10, "140": 3.3e-10, "100": 3.7e-10, "60": 4.2e-10}, "relative_error_lifetime": 0.05}