{"Temp_std_err": 5, "hws_std_err": 0.005, "relative_intensity_std_error_pl": 0.05, "relative_intensity_std_error_el": 0.001, "noise_sigma": 0.01, "save_folder": "/rds/general/user/hy2120/home/pl_temp_fit/fit_experimental_emcee_pl/fit_data/ITICDIO-300K-9_G0_650/20e30f8a-fad4-458f-90ee-a2a2a7a29b8b", "csv_name_pl": "/rds/general/user/hy2120/home/pl_temp_fit/60-300K/ITICDIO-300K-9_G0_650.0nm_1450.0nm_12-07-2024-12h-49m_Exposure_2.0s_mod_split0_split500.csv", "csv_name_el": "", "date": "2024_10_30", "test_id": "20e30f8a-fad4-458f-90ee-a2a2a7a29b8b", "fixed_parameters_dict": {"EX": {"numbrstates": 20}, "CT": {"off": 1}, "D": {}}, "params_to_fit_init": {"EX": {"E": 1.67, "sigma": 0.1, "Li": 0.078, "Lo": 0.11, "hO": 0.15}, "CT": {}, "D": {}}, "min_bounds": {"EX": {"E": 1.6, "sigma": 0.001, "Li": 0.01, "Lo": 0.01, "hO": 0.14}, "CT": {}, "D": {}}, "max_bounds": {"EX": {"E": 1.73, "sigma": 0.2, "Li": 0.2, "Lo": 0.2, "hO": 0.155}, "CT": {}, "D": {}}, "num_iteration_max_likelihood": 5, "coeff_spread": 0.5, "nsteps": 15000, "num_coords": 32, "max_abs_pos_exp": 1.76, "error_in_max_abs_pos": 0.01, "temperature_lifetimes_exp": {"300": 3.5e-10, "260": 4.4e-10, "220": 6.4e-10, "180": 9.6e-10, "140": 1.26e-09, "100": 1.49e-09, "60": 1.54e-09}, "relative_error_lifetime": 0.05}