{"Temp_std_err": 5, "hws_std_err": 0.005, "relative_intensity_std_error_pl": 0.05, "relative_intensity_std_error_el": 0.001, "noise_sigma": 0.01, "save_folder": "/rds/general/user/hy2120/home/pl_temp_fit/fit_experimental_emcee_pl/fit_data/L8BO-fresh-300K_G0_750/732eacab-c622-4e02-a720-d5d89121883b", "csv_name_pl": "/rds/general/user/hy2120/home/pl_temp_fit/60-300K/L8BO-fresh-300K_G0_750.0nm_1350.0nm_15-06-2024-16h-39m_Exposure_2.0s.csv", "csv_name_el": "", "date": "2024_10_30", "test_id": "732eacab-c622-4e02-a720-d5d89121883b", "fixed_parameters_dict": {"EX": {"numbrstates": 20}, "CT": {"off": 1}, "D": {}}, "params_to_fit_init": {"EX": {"E": 1.47, "sigma": 0.1, "Li": 0.078, "Lo": 0.11, "hO": 0.15}, "CT": {}, "D": {}}, "min_bounds": {"EX": {"E": 1.5, "sigma": 0.001, "Li": 0.01, "Lo": 0.01, "hO": 0.14}, "CT": {}, "D": {}}, "max_bounds": {"EX": {"E": 1.7, "sigma": 0.2, "Li": 0.2, "Lo": 0.2, "hO": 0.16}, "CT": {}, "D": {}}, "num_iteration_max_likelihood": 5, "coeff_spread": 0.5, "nsteps": 20000, "num_coords": 32, "max_abs_pos_exp": 1.55, "error_in_max_abs_pos": 0.01, "temperature_lifetimes_exp": {"300": 9.4e-10, "260": 9.9e-10, "220": 1.08e-09, "180": 1.14e-09, "140": 1.2e-09, "100": 1.22e-09, "60": 1.24e-09}, "relative_error_lifetime": 0.05}