{"Temp_std_err": 5, "hws_std_err": 0.005, "relative_intensity_std_error_pl": 0.05, "relative_intensity_std_error_el": 0.001, "noise_sigma": 0.01, "save_folder": "/rds/general/user/hy2120/home/pl_temp_fit/fit_experimental_emcee_pl/fit_data/GSISO-300K_G0_600/79e6addc-37c3-43fe-ac33-e2f2890706f4", "csv_name_pl": "/rds/general/user/hy2120/home/pl_temp_fit/60-300K/GSISO-300K_G0_600.0nm_1250.0nm_07-07-2024-16h-58m_Exposure_1.0s_mod_split0_split500.csv", "csv_name_el": "", "date": "2024_10_30", "test_id": "79e6addc-37c3-43fe-ac33-e2f2890706f4", "fixed_parameters_dict": {"EX": {"numbrstates": 20}, "CT": {"off": 1}, "D": {}}, "params_to_fit_init": {"EX": {"E": 1.83, "sigma": 0.1, "Li": 0.078, "Lo": 0.11, "hO": 0.15}, "CT": {}, "D": {}}, "min_bounds": {"EX": {"E": 1.75, "sigma": 0.001, "Li": 0.01, "Lo": 0.01, "hO": 0.13}, "CT": {}, "D": {}}, "max_bounds": {"EX": {"E": 1.9, "sigma": 0.2, "Li": 0.2, "Lo": 0.2, "hO": 0.155}, "CT": {}, "D": {}}, "num_iteration_max_likelihood": 5, "coeff_spread": 0.5, "nsteps": 15000, "num_coords": 32, "max_abs_pos_exp": 1.93, "error_in_max_abs_pos": 0.01, "temperature_lifetimes_exp": {"300": 4.9e-10, "260": 6.7e-10, "220": 7e-10, "180": 6.2e-10, "140": 6.8e-10, "100": 6.7e-10, "60": 5.8e-10}, "relative_error_lifetime": 0.05}