{"Temp_std_err": 5, "hws_std_err": 0.005, "relative_intensity_std_error_pl": 0.05, "relative_intensity_std_error_el": 0.001, "noise_sigma": 0.01, "save_folder": "/rds/general/user/hy2120/home/pl_temp_fit/fit_experimental_emcee_pl/fit_data/PYIT-300K_G0_650/bee052ef-3b00-48ae-a2d2-54730541eac5", "csv_name_pl": "/rds/general/user/hy2120/home/pl_temp_fit/60-300K/PYIT-300K_G0_650.0nm_1500.0nm_07-07-2024-16h-25m_Exposure_5.0s_mod_split0_split500.csv", "csv_name_el": "", "date": "2024_10_30", "test_id": "bee052ef-3b00-48ae-a2d2-54730541eac5", "fixed_parameters_dict": {"EX": {"numbrstates": 20}, "CT": {"off": 1}, "D": {}}, "params_to_fit_init": {"EX": {"E": 1.48, "sigma": 0.1, "Li": 0.078, "Lo": 0.11, "hO": 0.15}, "CT": {}, "D": {}}, "min_bounds": {"EX": {"E": 1.4, "sigma": 0.001, "Li": 0.01, "Lo": 0.01, "hO": 0.14}, "CT": {}, "D": {}}, "max_bounds": {"EX": {"E": 1.55, "sigma": 0.2, "Li": 0.2, "Lo": 0.2, "hO": 0.155}, "CT": {}, "D": {}}, "num_iteration_max_likelihood": 5, "coeff_spread": 0.5, "nsteps": 15000, "num_coords": 32, "max_abs_pos_exp": 1.52, "error_in_max_abs_pos": 0.01, "temperature_lifetimes_exp": {"300": 3.6e-10, "260": 4.8e-10, "220": 6.3e-10, "180": 8.8e-10, "140": 1.11e-09, "100": 1.27e-09, "60": 1.31e-09}, "relative_error_lifetime": 0.05}