{"Temp_std_err": 5, "hws_std_err": 0.005, "relative_intensity_std_error_pl": 0.05, "relative_intensity_std_error_el": 0.001, "noise_sigma": 0.01, "save_folder": "/rds/general/user/hy2120/home/pl_temp_fit/fit_experimental_emcee_pl/fit_data/Y5DIO-300K-sync2_G0_750/f8d0aa00-e77b-4615-b9b6-2ee85c7396f9", "csv_name_pl": "/rds/general/user/hy2120/home/pl_temp_fit/60-300K/Y5DIO-300K-sync2_G0_750.0nm_1400.0nm_15-10-2024-15h-46m_Exposure_2.0s_mod_split0_split500.csv", "csv_name_el": "", "date": "2024_10_30", "test_id": "f8d0aa00-e77b-4615-b9b6-2ee85c7396f9", "fixed_parameters_dict": {"EX": {"numbrstates": 20}, "CT": {"off": 1}, "D": {}}, "params_to_fit_init": {"EX": {"E": 1.46, "sigma": 0.1, "Li": 0.078, "Lo": 0.11, "hO": 0.15}, "CT": {}, "D": {}}, "min_bounds": {"EX": {"E": 1.4, "sigma": 0.001, "Li": 0.01, "Lo": 0.01, "hO": 0.14}, "CT": {}, "D": {}}, "max_bounds": {"EX": {"E": 1.53, "sigma": 0.2, "Li": 0.2, "Lo": 0.2, "hO": 0.16}, "CT": {}, "D": {}}, "num_iteration_max_likelihood": 5, "coeff_spread": 0.5, "nsteps": 15000, "num_coords": 32, "max_abs_pos_exp": 1.56, "error_in_max_abs_pos": 0.01, "temperature_lifetimes_exp": {"300": 1.59e-09, "260": 1.69e-09, "220": 1.72e-09, "180": 1.7e-09, "140": 1.66e-09, "100": 1.65e-09, "60": 1.63e-09}, "relative_error_lifetime": 0.05}